{"cameraMode":{"drawMode":0,"name":"Shaded","section":"Shading Mode"},"sceneLighting":false,"audioPlay":false,"sceneViewState":{"m_AlwaysRefresh":false,"showFog":true,"showSkybox":true,"showFlares":true,"showImageEffects":true,"showParticleSystems":true,"showVisualEffectGraphs":true,"m_FxEnabled":true},"in2DMode":false,"pivot":{"x":-22.967920303344728,"y":-6.685761451721191,"z":30.714736938476564},"rotation":{"x":-0.12923569977283479,"y":0.14145901799201966,"z":-0.018373234197497369,"w":-0.9813826680183411},"size":21.33670425415039,"orthographic":false}